Link Name,Center of Mass X,Center of Mass Y,Center of Mass Z,Center of Mass Roll,Center of Mass Pitch,Center of Mass Yaw,Mass,Moment Ixx,Moment Ixy,Moment Ixz,Moment Iyy,Moment Iyz,Moment Izz,Visual X,Visual Y,Visual Z,Visual Roll,Visual Pitch,Visual Yaw,Mesh Filename,Color Red,Color Green,Color Blue,Color Alpha,Collision X,Collision Y,Collision Z,Collision Roll,Collision Pitch,Collision Yaw,Collision Mesh Filename,Material Name,SW Components,Coordinate System,Axis Name,Joint Name,Joint Type,Joint Origin X,Joint Origin Y,Joint Origin Z,Joint Origin Roll,Joint Origin Pitch,Joint Origin Yaw,Parent,Joint Axis X,Joint Axis Y,Joint Axis Z,Limit Effort,Limit Velocity,Limit Lower,Limit Upper,Calibration rising,Calibration falling,Dynamics Damping,Dynamics Friction,Safety Soft Upper,Safety Soft Lower,Safety K Position,Safety K Velocity
BASE,0.000965351576364903,0.00188350285132324,0.0592475503813128,0,0,0,0.3661552578116,0.000260139647086525,-2.84451028459701E-06,-3.95149321502307E-05,0.000497625273932272,-1.38778973935459E-06,0.000339281330458025,0,0,0,0,0,0,package://PALM_URDF.SLDASM_0415_7/meshes/BASE.STL,0.752941176470588,0.752941176470588,0.752941176470588,1,0,0,0,0,0,0,package://PALM_URDF.SLDASM_0415_7/meshes/BASE.STL,,BASE-1,BASE,,,,0,0,0,0,0,0,,0,0,0,,,,,,,,,,,,
TMCPF,-8.94485140210538E-08,-0.00651772632754086,0.00979641891039229,0,0,0,0.00403111186793774,3.51226821493148E-07,5.13601613300301E-13,-3.55839429696833E-12,5.76592866072564E-07,-3.46269775245642E-08,3.57954487924098E-07,0,0,0,0,0,0,package://PALM_URDF.SLDASM_0415_7/meshes/TMCPF.STL,0.752941176470588,0.752941176470588,0.752941176470588,1,0,0,0,0,0,0,package://PALM_URDF.SLDASM_0415_7/meshes/TMCPF.STL,,TMCPF-1,TMCPF,TF,TF,revolute,0.044,-0.0075,0.043,0,1.5708,0,BASE,-1,0,0,0,0,0,0,,,,,,,,
TMCPS,0.00103849116596672,-1.64329802196383E-07,-0.00331551855469381,0,0,0,0.0106268686560954,7.55169051256462E-07,6.05082919322523E-13,-2.40107133877211E-08,5.98746618835006E-07,6.62863494730535E-12,6.08350308334754E-07,0,0,0,0,0,0,package://PALM_URDF.SLDASM_0415_7/meshes/TMCPS.STL,0.752941176470588,0.752941176470588,0.752941176470588,1,0,0,0,0,0,0,package://PALM_URDF.SLDASM_0415_7/meshes/TMCPS.STL,,TMCPS-1,TMCPS,TS,TS,revolute,0,0,0.03085,0,0,0,TMCPF,0,0,-1,0,0,0,0,,,,,,,,
TPIP,0.000864181716212923,0.000343885439703859,0.0141246010096241,0,0,0,0.0273995580848552,5.51734130747602E-06,6.92817305609023E-09,-1.54059086928057E-07,4.42571415651149E-06,1.25541649165614E-07,1.96525275887112E-06,0,0,0,0,0,0,package://PALM_URDF.SLDASM_0415_7/meshes/TPIP.STL,1,1,1,1,0,0,0,0,0,0,package://PALM_URDF.SLDASM_0415_7/meshes/TPIP.STL,,"TPIP-1/t3_tactile-镜像-1;TPIP-1/t4_tactile_mirrored-1;TPIP-1/P1-从动销-1;TPIP_XL,XC-330-1",TPIP,TP,TP,revolute,0,0,0.0185,0,0,0,TMCPS,-1,0,0,0,0,0,0,,,,,,,,
TDIP,0.000545562549314427,-0.00117805590778414,0.0178954646012122,0,0,0,0.047829964723121,7.04561753274535E-06,3.17168411405157E-09,6.3098199712245E-09,6.19332040331521E-06,-2.60452929393568E-07,2.18835005443905E-06,0,0,0,0,0,0,package://PALM_URDF.SLDASM_0415_7/meshes/TDIP.STL,1,1,1,1,0,0,0,0,0,0,package://PALM_URDF.SLDASM_0415_7/meshes/TDIP.STL,,"TDIP-1/拇指带摄像头右-倾斜扩大改-1;TDIP-1/拇指带摄像头左-1;TDIP-1/XL,XC-330-1;TDIP_XL,XC-330-2",TDIP,TD,TD,revolute,0,0,0.0465,0.0091796,0,0,TPIP,-1,0,0,0,0,0,0,,,,,,,,
TDIP_TACTILE_DOWN,-1.30104260698261E-16,2.22044604925031E-15,-0.00249999999999256,0,0,0,0.00146,4.95483333333334E-08,2.92143394509453E-23,-5.55715796254778E-24,2.929E-08,3.69344866215766E-24,7.27550000000001E-08,0,0,0,0,0,0,package://PALM_URDF.SLDASM_0415_7/meshes/TDIP_TACTILE_DOWN.STL,1,1,1,1,0,0,0,0,0,0,package://PALM_URDF.SLDASM_0415_7/meshes/TDIP_TACTILE_DOWN.STL,,TDIP-1/tactile-2,TDIP_TACTILE_DOWN,,TD_TD,fixed,0.0001,-0.015137,0.0076551,-1.5616,0,-3.1416,TDIP,0,0,0,,,,,,,,,,,,
TDIP_TACTILE_UP,-1.47451495458029E-16,2.22044604925031E-15,-0.00249999999999194,0,0,0,0.00146,4.95483333333336E-08,3.83883135653823E-23,-9.88393007284593E-25,2.92900000000001E-08,-3.69629091429135E-25,7.27550000000003E-08,0,0,0,0,0,0,package://PALM_URDF.SLDASM_0415_7/meshes/TDIP_TACTILE_UP.STL,1,1,1,1,0,0,0,0,0,0,package://PALM_URDF.SLDASM_0415_7/meshes/TDIP_TACTILE_UP.STL,,TDIP-1/tactile-1,TDIP_TACTILE_UP,,TD_UP,fixed,0.0001,-0.014923,0.030998,-1.5616,0,3.1416,TDIP,0,0,0,,,,,,,,,,,,
TDIP_CAMERA,2.67746700514503E-05,0.00308600031105555,-0.0151496387593786,0,0,0,0.000865724954084934,1.2382360219818E-08,-9.28595651706117E-23,6.47982504316448E-23,4.23357916729273E-08,4.32469630376937E-09,4.62079016284062E-08,0,0,0,0,0,0,package://PALM_URDF.SLDASM_0415_7/meshes/TDIP_CAMERA.STL,1,1,1,1,0,0,0,0,0,0,package://PALM_URDF.SLDASM_0415_7/meshes/TDIP_CAMERA.STL,,TDIP-1/拇指摄像头-改走线-1,TDIP_CAMERA,,TD_C,fixed,0.0001,-0.0092472,0.053682,-1.038,0,3.1416,TDIP,0,0,0,,,,,,,,,,,,
TPIP_TACTILE,-4.16333634234434E-17,0,-0.00249999999999996,0,0,0,0.00146,4.95483333333334E-08,-1.74611599052448E-23,-1.2376925121472E-24,2.92900000000001E-08,-1.9575347483553E-24,7.27550000000001E-08,0,0,0,0,0,0,package://PALM_URDF.SLDASM_0415_7/meshes/TPIP_TACTILE.STL,1,1,1,1,0,0,0,0,0,0,package://PALM_URDF.SLDASM_0415_7/meshes/TPIP_TACTILE.STL,,TPIP-1/tactile-1,TPIP_TACTILE,,TP_T,fixed,0,-0.015,0.00745,-1.5708,0,3.1416,TPIP,0,0,0,,,,,,,,,,,,
IMCPF,-0.0444602302322914,0.00378823759442758,-0.0192437761762983,0,0,0,0.993781032617239,0.00745143624786941,8.26295119402749E-05,0.000454582953763388,0.0101817692879858,0.000264096181342371,0.00307583073237934,0,0,0,0,0,0,package://PALM_URDF.SLDASM_0415_7/meshes/IMCPF.STL,0.674509803921569,0.709803921568627,0.737254901960784,1,0,0,0,0,0,0,package://PALM_URDF.SLDASM_0415_7/meshes/IMCPF.STL,,IMCPF-4,IMCPF,IF,IF,revolute,0.062,-0.0075,0.13,0,0,0,BASE,-1,0,0,0,0,0,0,,,,,,,,
IMCPS,0.000366352894816568,0.00136079106892843,0.0363070006443149,0,0,0,0.0299795617629257,4.61407270089445E-06,-8.99357979668952E-11,-2.6512853890418E-09,4.96910634776405E-06,-1.08820321097629E-08,1.68786894408092E-06,0,0,0,0,0,0,package://PALM_URDF.SLDASM_0415_7/meshes/IMCPS.STL,1,1,1,1,0,0,0,0,0,0,package://PALM_URDF.SLDASM_0415_7/meshes/IMCPS.STL,,"IMCPS-4/f5_tactile-1;IMCPS-4/f6_tactile-1;IMCPS-4/f7_tactile-1;IMCPS-4/tactile_板子-1;IMCPS-4/f5盖子-1;IMCPS_XL,XC-330-1",IMCPS,IS,IS,revolute,0,0,0,0,0,0,IMCPF,0,1,0,0,0,0,0,,,,,,,,
IPIP,0.00088360794312492,0.000518551489527508,0.0315502125402504,0,0,0,0.027206442467989,4.85051610724986E-06,1.06519728675525E-08,1.36331026032813E-07,3.78353465508138E-06,-5.4440098060443E-08,1.94188295958329E-06,0,0,0,0,0,0,package://PALM_URDF.SLDASM_0415_7/meshes/IPIP.STL,1,1,1,1,0,0,0,0,0,0,package://PALM_URDF.SLDASM_0415_7/meshes/IPIP.STL,,"IPIP-4/f3_tactile-1;IPIP-4/f4_tactile-1;IPIP-4/P1-从动销-1;IPIP_XL,XC-330-8",IPIP,IP,IP,revolute,0,0,0.052,0,0,0,IMCPS,-1,0,0,0,0,0,0,,,,,,,,
IDIP,0.000755618362616062,-0.0028569002986303,0.0251719278979156,0,0,0,0.0152963409977157,2.60252180819878E-06,-6.11796223608748E-09,1.3786754678515E-07,2.43805284577734E-06,1.22062110226717E-07,7.35865815495018E-07,0,0,0,0,0,0,package://PALM_URDF.SLDASM_0415_7/meshes/IDIP.STL,1,1,1,1,0,0,0,0,0,0,package://PALM_URDF.SLDASM_0415_7/meshes/IDIP.STL,,IDIP-4/手指带摄像头右_倾斜扩大改-1;IDIP-4/手指带摄像头左_倾斜扩大-1;IDIP-4/P1-从动销-1,IDIP,ID,ID,revolute,0,0,0.0465000000000003,0,0,0,IPIP,-1,0,0,0,0,0,0,,,,,,,,
IDIP_TACTILE,0,6.66133814775094E-16,-0.00249999999999977,0,0,0,0.00145999999999999,4.9548333333333E-08,1.0352859666611E-23,1.3808909495774E-24,2.92899999999995E-08,-8.67574700602476E-26,7.27549999999992E-08,0,0,0,0,0,0,package://PALM_URDF.SLDASM_0415_7/meshes/IDIP_TACTILE.STL,1,1,1,1,0,0,0,0,0,0,package://PALM_URDF.SLDASM_0415_7/meshes/IDIP_TACTILE.STL,,IDIP-4/tactile-1,IDIP_TACTILE,,ID_T,fixed,0,-0.014925,0.024096,-1.5708,0,3.1416,IDIP,0,0,0,,,,,,,,,,,,
IDIP_CAMERA,2.67746700501892E-05,0.00407450190545419,-0.0151097917606261,0,0,0,0.00086572495408493,1.23823602198178E-08,3.60503654350637E-24,7.07362326848023E-24,4.23218910238283E-08,4.32064612591672E-09,4.62218022775047E-08,0,0,0,0,0,0,package://PALM_URDF.SLDASM_0415_7/meshes/IDIP_CAMERA.STL,1,1,1,1,0,0,0,0,0,0,package://PALM_URDF.SLDASM_0415_7/meshes/IDIP_CAMERA.STL,,IDIP-4/摄像头-改走线^IDIP-1,IDIP_CAMERA,,ID_C,fixed,0,-0.0094581,0.043053,-1.0472,0,-3.1416,IDIP,0,0,0,,,,,,,,,,,,
IPIP_TACTILE,0,4.9960036108132E-16,-0.00249999999999917,0,0,0,0.00145999999999999,4.95483333333332E-08,-4.81906690005996E-24,1.41268932206761E-25,2.92899999999995E-08,4.52736710151494E-24,7.27549999999994E-08,0,0,0,0,0,0,package://PALM_URDF.SLDASM_0415_7/meshes/IPIP_TACTILE.STL,1,1,1,1,0,0,0,0,0,0,package://PALM_URDF.SLDASM_0415_7/meshes/IPIP_TACTILE.STL,,IPIP-4/tactile-1,IPIP_TACTILE,,IP_T,fixed,5E-05,-0.015,0.0391,-1.5708,0,3.1416,IPIP,0,0,0,,,,,,,,,,,,
IMCPS_TACTILE,-2.22044604925031E-16,-1.38777878078145E-17,-0.00249999999999999,0,0,0,0.00145999999999999,4.95483333333333E-08,-2.65835410037452E-23,3.77338073205544E-24,2.92899999999995E-08,-1.9160813811325E-24,7.27549999999994E-08,0,0,0,0,0,0,package://PALM_URDF.SLDASM_0415_7/meshes/IMCPS_TACTILE.STL,1,1,1,1,0,0,0,0,0,0,package://PALM_URDF.SLDASM_0415_7/meshes/IMCPS_TACTILE.STL,,IMCPS-4/tactile-1,IMCPS_TACTILE,,IS_T,fixed,0,-0.015,0.0445,-1.5708,0,3.1416,IMCPS,0,0,0,,,,,,,,,,,,
MMCPF,-0.00846023023229137,0.00378823759442759,-0.0192437761762983,0,0,0,0.993781032617239,0.0074514362478694,8.26295119402784E-05,0.000454582953763353,0.0101817692879858,0.000264096181342372,0.00307583073237933,0,0,0,0,0,0,package://PALM_URDF.SLDASM_0415_7/meshes/MMCPF.STL,0.674509803921569,0.709803921568627,0.737254901960784,1,0,0,0,0,0,0,package://PALM_URDF.SLDASM_0415_7/meshes/MMCPF.STL,,MMCPF-3,MMCPF,MF,MF,revolute,0.026,-0.0075,0.13,0,0,0,BASE,-1,0,0,0,0,0,0,,,,,,,,
MMCPS,0.000366352894817457,0.0013607910689285,0.036307000644315,0,0,0,0.0299795617629258,4.61407270089446E-06,-8.99357979659392E-11,-2.65128538904689E-09,4.96910634776407E-06,-1.08820321097614E-08,1.68786894408093E-06,0,0,0,0,0,0,package://PALM_URDF.SLDASM_0415_7/meshes/MMCPS.STL,1,1,1,1,0,0,0,0,0,0,package://PALM_URDF.SLDASM_0415_7/meshes/MMCPS.STL,,"MMCPS_-3/f5_tactile-1;MMCPS_-3/f5盖子-1;MMCPS_-3/f6_tactile-1;MMCPS_-3/f7_tactile-1;MMCPS_-3/tactile_板子-1;MMCPS_XL,XC-330-2",MMCPS,MS,MS,revolute,0,0,0,0,0,0,MMCPF,0,1,0,0,0,0,0,,,,,,,,
MPIP,0.000824605617668839,0.000333856015116679,0.03433056676578,0,0,0,0.0424722127356966,6.68696090962628E-06,1.05679537136582E-08,1.33671097065555E-07,5.36595068868035E-06,-5.30615169339631E-08,2.58612942965078E-06,0,0,0,0,0,0,package://PALM_URDF.SLDASM_0415_7/meshes/MPIP.STL,1,1,1,1,0,0,0,0,0,0,package://PALM_URDF.SLDASM_0415_7/meshes/MPIP.STL,,"MPIP_-3/f3_tactile-1;MPIP_-3/f4_tactile-1;MPIP_-3/XL,XC-330-1;MPIP_-3/P1-从动销-1;MPIP_XL,XC-330-7",MPIP,MP,MP,revolute,0,0,0.052,0,0,0,MMCPS,-1,0,0,0,0,0,0,,,,,,,,
MDIP,0.000755618362616284,-0.00285690029863034,0.0251719278979156,0,0,0,0.0152963409977157,2.6025218081988E-06,-6.11796223608873E-09,1.37867546785198E-07,2.43805284577736E-06,1.22062110226714E-07,7.35865815495016E-07,0,0,0,0,0,0,package://PALM_URDF.SLDASM_0415_7/meshes/MDIP.STL,1,1,1,1,0,0,0,0,0,0,package://PALM_URDF.SLDASM_0415_7/meshes/MDIP.STL,,MDIP-3/手指带摄像头右_倾斜扩大改-1;MDIP-3/手指带摄像头左_倾斜扩大-1;MDIP-3/P1-从动销-1,MDIP,MD,MD,revolute,0,0,0.0465,0,0,0,MPIP,-1,0,0,0,0,0,0,,,,,,,,
MDIP_TACTILE,0,2.77555756156289E-17,-0.00249999999999999,0,0,0,0.00145999999999999,4.95483333333329E-08,-6.02909085365748E-26,4.54163009572819E-24,2.92899999999995E-08,5.3677819714707E-24,7.27549999999991E-08,0,0,0,0,0,0,package://PALM_URDF.SLDASM_0415_7/meshes/MDIP_TACTILE.STL,1,1,1,1,0,0,0,0,0,0,package://PALM_URDF.SLDASM_0415_7/meshes/MDIP_TACTILE.STL,,MDIP-3/tactile-1,MDIP_TACTILE,,MD_T,fixed,0,-0.014925,0.024096,-1.5708,0,3.1416,MDIP,0,0,0,,,,,,,,,,,,
MDIP_CAMERA,2.67746700501892E-05,0.0040745019054535,-0.015109791760626,0,0,0,0.000865724954084932,1.2382360219818E-08,3.01809769989765E-25,-1.91399147112743E-24,4.23218910238286E-08,4.32064612591669E-09,4.62218022775049E-08,0,0,0,0,0,0,package://PALM_URDF.SLDASM_0415_7/meshes/MDIP_CAMERA.STL,1,1,1,1,0,0,0,0,0,0,package://PALM_URDF.SLDASM_0415_7/meshes/MDIP_CAMERA.STL,,MDIP-3/摄像头-改走线^IDIP-1,MDIP_CAMERA,,MD_C,fixed,0,-0.0094581,0.043053,-1.0472,0,-3.1416,MDIP,0,0,0,,,,,,,,,,,,
MPIP_TACTILE,0,0,-0.0025,0,0,0,0.00145999999999999,4.95483333333332E-08,-4.81906690005996E-24,1.41268932206765E-25,2.92899999999995E-08,4.52736710151494E-24,7.27549999999994E-08,0,0,0,0,0,0,package://PALM_URDF.SLDASM_0415_7/meshes/MPIP_TACTILE.STL,1,1,1,1,0,0,0,0,0,0,package://PALM_URDF.SLDASM_0415_7/meshes/MPIP_TACTILE.STL,,MPIP_-3/tactile-1,MPIP_TACTILE,,MP_T,fixed,5E-05,-0.015,0.0391,-1.5708,0,3.1416,MPIP,0,0,0,,,,,,,,,,,,
MMCPS_TACTILE,-2.22044604925031E-16,-2.77555756156289E-17,-0.00249999999999999,0,0,0,0.00145999999999999,4.9548333333333E-08,-9.72247054779867E-24,-2.95914222032431E-25,2.92899999999995E-08,4.72572091989409E-24,7.27549999999992E-08,0,0,0,0,0,0,package://PALM_URDF.SLDASM_0415_7/meshes/MMCPS_TACTILE.STL,1,1,1,1,0,0,0,0,0,0,package://PALM_URDF.SLDASM_0415_7/meshes/MMCPS_TACTILE.STL,,MMCPS_-3/tactile-1,MMCPS_TACTILE,,MS_T,fixed,0,-0.015,0.0445,-1.5708,0,3.1416,MMCPS,0,0,0,,,,,,,,,,,,
RMCPF,0.0275397697677111,0.00378823759442742,-0.0192437761762983,0,0,0,0.993781032617239,0.0074514362478694,8.26295119402794E-05,0.000454582953763357,0.0101817692879858,0.000264096181342376,0.00307583073237934,0,0,0,0,0,0,package://PALM_URDF.SLDASM_0415_7/meshes/RMCPF.STL,0.674509803921569,0.709803921568627,0.737254901960784,1,0,0,0,0,0,0,package://PALM_URDF.SLDASM_0415_7/meshes/RMCPF.STL,,RMCPF-2,RMCPF,RF,RF,revolute,-0.01,-0.0075,0.13,0,0,0,BASE,1,0,0,0,0,0,0,,,,,,,,
RMCPS,0.000366352894817235,0.00136079106892849,0.036307000644315,0,0,0,0.0299795617629258,4.61407270089445E-06,-8.99357979701842E-11,-2.65128538904507E-09,4.96910634776406E-06,-1.08820321097617E-08,1.68786894408093E-06,0,0,0,0,0,0,package://PALM_URDF.SLDASM_0415_7/meshes/RMCPS.STL,1,1,1,1,0,0,0,0,0,0,package://PALM_URDF.SLDASM_0415_7/meshes/RMCPS.STL,,"RMCPS-2/f5_tactile-1;RMCPS-2/f6_tactile-1;RMCPS-2/f7_tactile-1;RMCPS-2/tactile_板子-1;RMCPS-2/f5盖子-1;RMCPS_XL,XC-330-3",RMCPS,RS,RS,revolute,0,0,0,0,0,0,RMCPF,0,1,0,0,0,0,0,,,,,,,,
RPIP,0.00088360794291531,0.000518551489729985,0.0315502125402219,0,0,0,0.0272064424685651,4.85051610732065E-06,1.06519728750291E-08,1.3633102603756E-07,3.78353465510333E-06,-5.44400980930827E-08,1.94188295962763E-06,0,0,0,0,0,0,package://PALM_URDF.SLDASM_0415_7/meshes/RPIP.STL,1,1,1,1,0,0,0,0,0,0,package://PALM_URDF.SLDASM_0415_7/meshes/RPIP.STL,,"RPIP-2/f3_tactile-1;RPIP-2/f4_tactile-1;RPIP-2/P1-从动销-1;RPIP_XL,XC-330-6",RPIP,RP,RP,revolute,0,0,0.052,0,0,0,RMCPS,-1,0,0,0,0,0,0,,,,,,,,
RDIP,0.00075561836261584,-0.00285690029863034,0.0251719278979156,0,0,0,0.0152963409977157,2.60252180819879E-06,-6.11796223608598E-09,1.37867546785174E-07,2.43805284577734E-06,1.22062110226726E-07,7.35865815495007E-07,0,0,0,0,0,0,package://PALM_URDF.SLDASM_0415_7/meshes/RDIP.STL,1,1,1,1,0,0,0,0,0,0,package://PALM_URDF.SLDASM_0415_7/meshes/RDIP.STL,,RDIP-2/手指带摄像头右_倾斜扩大改-1;RDIP-2/手指带摄像头左_倾斜扩大-1;RDIP-2/P1-从动销-1,RDIP,RD,RD,revolute,0,0,0.0465,0,0,0,RPIP,-1,0,0,0,0,0,0,,,,,,,,
RDIP_TACTILE,1.11022302462516E-16,-3.33066907387547E-16,-0.00250000000000038,0,0,0,0.00146,4.95483333333335E-08,3.08459594819843E-23,8.04232729429569E-24,2.92900000000001E-08,3.02175507402981E-24,7.27550000000003E-08,0,0,0,0,0,0,package://PALM_URDF.SLDASM_0415_7/meshes/RDIP_TACTILE.STL,1,1,1,1,0,0,0,0,0,0,package://PALM_URDF.SLDASM_0415_7/meshes/RDIP_TACTILE.STL,,RDIP-2/tactile-1,RDIP_TACTILE,,RD_T,fixed,0,-0.014925,0.024096,-1.5708,0,3.1416,RDIP,0,0,0,,,,,,,,,,,,
RDIP_CAMERA,2.67746700501892E-05,0.00407450190545297,-0.0151097917606263,0,0,0,0.000865724954084933,1.23823602198181E-08,8.26956509761714E-25,-1.44973299803504E-24,4.23218910238287E-08,4.32064612591671E-09,4.62218022775051E-08,0,0,0,0,0,0,package://PALM_URDF.SLDASM_0415_7/meshes/RDIP_CAMERA.STL,1,1,1,1,0,0,0,0,0,0,package://PALM_URDF.SLDASM_0415_7/meshes/RDIP_CAMERA.STL,,RDIP-2/摄像头-改走线^IDIP-1,RDIP_CAMERA,,RD_C,fixed,0,-0.0094581,0.043053,-1.0472,0,-3.1416,RDIP,0,0,0,,,,,,,,,,,,
RPIP_TACTILE,-1.11022302462516E-16,-1.38777878078145E-16,-0.00250000000000036,0,0,0,0.00145999999999999,4.9548333333333E-08,-7.04049920916283E-24,-2.66010486827194E-25,2.92899999999995E-08,4.22197064611138E-24,7.27549999999991E-08,0,0,0,0,0,0,package://PALM_URDF.SLDASM_0415_7/meshes/RPIP_TACTILE.STL,1,1,1,1,0,0,0,0,0,0,package://PALM_URDF.SLDASM_0415_7/meshes/RPIP_TACTILE.STL,,RPIP-2/tactile-1,RPIP_TACTILE,,RP_T,fixed,5E-05,-0.015,0.0391,-1.5708,0,3.1416,RPIP,0,0,0,,,,,,,,,,,,
RMCPS_TACTILE,0,0,-0.0025,0,0,0,0.00146,4.95483333333337E-08,-2.34337955319409E-23,7.96324007534217E-25,2.92900000000002E-08,2.37470452236124E-24,7.27550000000005E-08,0,0,0,0,0,0,package://PALM_URDF.SLDASM_0415_7/meshes/RMCPS_TACTILE.STL,1,1,1,1,0,0,0,0,0,0,package://PALM_URDF.SLDASM_0415_7/meshes/RMCPS_TACTILE.STL,,RMCPS-2/tactile-1,RMCPS_TACTILE,,RS_T,fixed,0,-0.015,0.0445,-1.5708,0,-3.1416,RMCPS,0,0,0,,,,,,,,,,,,
LMCPF,0.0675397669066856,0.00378823616391562,0.000756218101656075,0,0,0,0.993781032617238,0.0074514362478694,8.26295119402796E-05,0.000454582953763354,0.0101817692879858,0.000264096181342371,0.00307583073237932,0,0,0,0,0,0,package://PALM_URDF.SLDASM_0415_7/meshes/LMCPF.STL,0.674509803921569,0.709803921568627,0.737254901960784,1,0,0,0,0,0,0,package://PALM_URDF.SLDASM_0415_7/meshes/LMCPF.STL,,LMCPF-1,LMCPF,LF,LF,revolute,-0.05,-0.0075,0.11,0,0,0,BASE,-1,0,0,0,0,0,0,,,,,,,,
LMCPS,0.00036635289481679,0.00136079106892857,0.0363070006443148,0,0,0,0.0299795617629258,4.61407270089445E-06,-8.99357979698157E-11,-2.65128538904232E-09,4.96910634776406E-06,-1.08820321097632E-08,1.68786894408093E-06,0,0,0,0,0,0,package://PALM_URDF.SLDASM_0415_7/meshes/LMCPS.STL,1,1,1,1,0,0,0,0,0,0,package://PALM_URDF.SLDASM_0415_7/meshes/LMCPS.STL,,"LMCPS-4/f5_tactile-1;LMCPS-4/f6_tactile-1;LMCPS-4/f7_tactile-1;LMCPS-4/tactile_板子-1;LMCPS-4/f5盖子-1;LMCPSXL,XC-330-4",LMCPS,LS,LS,revolute,0,0,0,0,0,0,LMCPF,0,1,0,0,0,0,0,,,,,,,,
LPIP,0.000883607942914866,0.000518551489730054,0.0315502125402218,0,0,0,0.0272064424685651,4.85051610732064E-06,1.06519728750236E-08,1.36331026037563E-07,3.78353465510332E-06,-5.44400980930849E-08,1.94188295962763E-06,0,0,0,0,0,0,package://PALM_URDF.SLDASM_0415_7/meshes/LPIP.STL,1,1,1,1,0,0,0,0,0,0,package://PALM_URDF.SLDASM_0415_7/meshes/LPIP.STL,,"LPIP-1/f3_tactile-1;LPIP-1/f4_tactile-1;LPIP-1/P1-从动销-1;LPIP_XL,XC-330-5",LPIP,LP,LP,revolute,0,0,0.052,0,0,0,LMCPS,-1,0,0,0,0,0,0,,,,,,,,
LDIP,0.000755618362616173,-0.00285690029863039,0.0251719278979156,0,0,0,0.0152963409977157,2.60252180819878E-06,-6.11796223608724E-09,1.37867546785183E-07,2.43805284577734E-06,1.22062110226717E-07,7.35865815495013E-07,0,0,0,0,0,0,package://PALM_URDF.SLDASM_0415_7/meshes/LDIP.STL,1,1,1,1,0,0,0,0,0,0,package://PALM_URDF.SLDASM_0415_7/meshes/LDIP.STL,,LDIP-1/手指带摄像头右_倾斜扩大改-1;LDIP-1/手指带摄像头左_倾斜扩大-1;LDIP-1/P1-从动销-1,LDIP,LD,LD,revolute,0,0,0.0465,0,0,0,LPIP,-1,0,0,0,0,0,0,,,,,,,,
LDIP_TACTILE,0,2.77555756156289E-17,-0.0025,0,0,0,0.00146,4.95483333333334E-08,1.85806982869846E-23,1.6479916330088E-24,2.92900000000001E-08,-1.34423765121166E-24,7.27550000000001E-08,0,0,0,0,0,0,package://PALM_URDF.SLDASM_0415_7/meshes/LDIP_TACTILE.STL,1,1,1,1,0,0,0,0,0,0,package://PALM_URDF.SLDASM_0415_7/meshes/LDIP_TACTILE.STL,,LDIP-1/tactile-1,LDIP_TACTILE,,LD_T,fixed,0,-0.014925,0.024096,-1.5708,0,3.1416,LDIP,0,0,0,,,,,,,,,,,,
LDIP_CAMERA,2.67746700503002E-05,0.00407450190545355,-0.015109791760626,0,0,0,0.000865724954084931,1.23823602198179E-08,4.60159778385065E-25,-1.11670764870263E-23,4.23218910238285E-08,4.32064612591673E-09,4.62218022775049E-08,0,0,0,0,0,0,package://PALM_URDF.SLDASM_0415_7/meshes/LDIP_CAMERA.STL,1,1,1,1,0,0,0,0,0,0,package://PALM_URDF.SLDASM_0415_7/meshes/LDIP_CAMERA.STL,,LDIP-1/摄像头-改走线^IDIP-1,LDIP_CAMERA,,LD_C,fixed,0,-0.0094581,0.043053,-1.0472,0,-3.1416,LDIP,0,0,0,,,,,,,,,,,,
LPIP_TACTILE,-1.11022302462516E-16,-2.77555756156289E-17,-0.00249999999999999,0,0,0,0.00146,4.95483333333334E-08,-1.50588717604828E-22,6.23483329349607E-25,2.929E-08,1.58674109584387E-24,7.2755E-08,0,0,0,0,0,0,package://PALM_URDF.SLDASM_0415_7/meshes/LPIP_TACTILE.STL,1,1,1,1,0,0,0,0,0,0,package://PALM_URDF.SLDASM_0415_7/meshes/LPIP_TACTILE.STL,,LPIP-1/tactile-1,LPIP_TACTILE,,LP_T,fixed,5E-05,-0.015,0.0391,-1.5708,0,-3.1416,LPIP,0,0,0,,,,,,,,,,,,
LMCPS_TACTILE,0,-1.38777878078145E-17,-0.0025,0,0,0,0.00146,4.95483333333335E-08,-6.70315705203149E-24,4.03565792543714E-24,2.929E-08,1.21105521224976E-23,7.27550000000002E-08,0,0,0,0,0,0,package://PALM_URDF.SLDASM_0415_7/meshes/LMCPS_TACTILE.STL,1,1,1,1,0,0,0,0,0,0,package://PALM_URDF.SLDASM_0415_7/meshes/LMCPS_TACTILE.STL,,LMCPS-4/tactile-1,LMCPS_TACTILE,,LS_T,fixed,0,-0.015,0.0445,-1.5708,0,3.1416,LMCPS,0,0,0,,,,,,,,,,,,
WRIST,-1.11022302462516E-16,-1.38777878078145E-17,0.0166498740554156,0,0,0,0.0841868291345725,2.62149770138049E-05,1.99132621770102E-36,-1.17980512480632E-21,2.62149770138049E-05,-1.82520294120225E-21,3.20324258060045E-05,0,0,0,0,0,0,package://PALM_URDF.SLDASM_0415_7/meshes/WRIST.STL,1,1,1,1,0,0,0,0,0,0,package://PALM_URDF.SLDASM_0415_7/meshes/WRIST.STL,,wrist-1,WIRST,Axis_WR2,WR,fixed,0,0,-0.037,0,0,0,BASE,0,0,0,,,,,,,,,,,,
